{
  "tamanhos": [
    256
  ],
  "sequencial": [
    1.5495732999997927
  ],
  "paralelo": {
    "4": [
      84.61619619999965
    ]
  },
  "distribuido": {
    "4": [
      40.37194289999934
    ]
  }
}